Area,Mean,StdDev,Circ.,AR,Round,Solidity,WT.or.LOF.or.Auxin
0.266,366891.403,11098.778,0.685,2.333,0.429,0.847,Auxin
0.069,360996.721,3238.438,0.974,1.161,0.862,0.894,Auxin
0.089,361489.534,3521.148,0.988,1.365,0.733,0.916,Auxin
0.08,360902.952,2950.048,0.949,1.533,0.652,0.917,Auxin
0.179,364879.369,6547.028,0.898,1.649,0.607,0.912,Auxin
0.148,362446.887,4232.595,0.859,1.83,0.546,0.896,Auxin
0.096,361426.747,3254.704,0.957,1.43,0.699,0.914,Auxin
0.175,363406.698,5509.155,0.738,2.037,0.491,0.882,Auxin
0.114,361557.669,3350.809,0.838,1.98,0.505,0.94,Auxin
0.287,361527.543,3687.324,0.456,3.836,0.261,0.755,Auxin
0.161,363775.903,5779.946,0.834,1.856,0.539,0.899,Auxin
0.099,361851.086,3524.128,0.91,1.802,0.555,0.924,Auxin
0.199,360092.387,2373.091,0.557,3.566,0.28,0.873,Auxin
0.101,359824.299,3334.484,0.95,1.29,0.775,0.875,Auxin
0.04,357246.595,1210.189,1,1.542,0.649,0.957,Auxin
0.038,356799.083,1037.447,1,1,1,0.913,Auxin
0.036,356667.481,979.724,1,1.203,0.831,0.851,Auxin
0.101,358564.469,2349.94,0.911,1.492,0.67,0.882,Auxin
0.018,356091.859,413.06,1,1.236,0.809,0.909,Auxin
0.014,355945.664,365.95,1,1.229,0.814,0.941,Auxin
0.083,359436.368,2976.883,1,1.163,0.86,0.92,Auxin
0.025,356179.893,620.997,0.993,1.264,0.791,0.848,Auxin
0.119,361811.579,5157.875,0.988,1.263,0.792,0.93,Auxin
0.24,364240.897,7040.244,0.862,1.782,0.561,0.92,Auxin
0.119,362913.867,5766.455,0.934,1.35,0.741,0.904,Auxin
0.014,355998.988,384.249,1,1.229,0.814,0.941,Auxin
0.074,358975.091,2522.218,0.928,1.172,0.853,0.882,Auxin
0.09,359182.455,2922.931,1,1.158,0.864,0.952,Auxin
0.063,357059.477,1111.008,0.968,1.588,0.63,0.933,Auxin
0.094,359457.511,2879.771,0.956,1.715,0.583,0.945,Auxin
0.145,360885.361,3987.957,0.811,1.797,0.556,0.884,Auxin
0.011,355618.729,206.724,0.916,1.809,0.553,0.857,Auxin
0.018,355937.681,407.211,1,1.327,0.753,0.909,Auxin
0.002,355205.438,0,1,1,1,1,Auxin
0.065,357701.707,1621.926,1,1.136,0.88,0.878,Auxin
0.07,358700.94,2335.991,1,1.307,0.765,0.918,Auxin
0.125,361286.18,4504.266,0.924,1.341,0.746,0.879,Auxin
0.199,360395.629,3645.302,0.828,1.876,0.533,0.905,Auxin
0.172,362428.014,5567.556,0.932,1.437,0.696,0.931,Auxin
0.089,358959.181,2812.004,0.988,1.24,0.806,0.907,Auxin
0.09,358756.827,2555.075,0.962,1.268,0.788,0.917,Auxin
0.04,356317.615,771.661,1,1.176,0.85,0.88,Auxin
0.007,355428.898,101.927,1,1,1,1,Auxin
0.15,360497.504,3857.541,0.926,1.519,0.658,0.943,Auxin
0.016,355841.691,500.064,0.884,1.158,0.864,0.75,Auxin
0.063,357386.754,1576.84,1,1.189,0.841,0.921,Auxin
0.029,356389.207,643.73,1,1.209,0.827,0.889,Auxin
0.065,358254.456,2140.253,1,1.254,0.798,0.9,Auxin
0.201,362114.116,5322.5,0.86,1.544,0.648,0.892,Auxin
0.047,357024.244,1336.431,1,1.184,0.845,0.929,Auxin
0.121,365460.072,6693.64,0.987,1.059,0.944,0.899,Auxin
0.094,363031.089,4627.902,1,1.076,0.929,0.92,Auxin
0.038,359435.524,1564.129,1,1.182,0.846,0.913,Auxin
0.08,361787.482,3393.759,0.949,1.198,0.835,0.907,Auxin
0.051,360196.212,2151.82,1,1.018,0.982,0.903,Auxin
0.02,357875.472,640.17,1,1.372,0.729,0.957,Auxin
0.099,363875.314,4954.201,1,1.187,0.843,0.909,Auxin
0.163,364292.106,5412.544,0.843,1.702,0.587,0.882,Auxin
0.042,359188.836,1500.317,1,1.008,0.992,0.958,Auxin
0.085,361000.737,2820.77,0.887,1.73,0.578,0.855,Auxin
0.034,358592.984,1282.898,1,1.161,0.861,0.884,Auxin
0.112,361600.05,3125.138,0.892,1.93,0.518,0.939,Auxin
0.318,366188.961,6199.769,0.71,2.688,0.372,0.936,Auxin
0.002,356937.156,0,1,1,1,1,Auxin
0.014,357845.258,460.644,1,1.229,0.814,0.941,Auxin
0.108,365094.184,5969.036,0.976,1.301,0.769,0.909,Auxin
0.184,362951.984,4544.195,0.734,2.092,0.478,0.911,Auxin
0.038,360178.159,1532.881,1,1,1,0.913,Auxin
0.074,362354.676,3276.891,1,1.176,0.85,0.882,Auxin
0.08,363377.923,3886.793,0.949,1.141,0.876,0.898,Auxin
0.161,369059.755,9272.812,0.965,1.264,0.791,0.904,Auxin
0.074,362006.962,2984.34,0.928,1.173,0.853,0.872,Auxin
0.177,370018.676,9193.774,0.851,1.406,0.711,0.875,Auxin
0.069,363078.839,3710.171,1,1.022,0.979,0.894,Auxin
0.061,361848.933,2715.358,1,1.275,0.784,0.919,Auxin
0.031,359378.719,1052.796,1,1.263,0.792,0.919,Auxin
0.009,358239.219,280.14,1,1.553,0.644,0.909,Auxin
0.154,366107.864,6147.986,0.935,1.571,0.637,0.929,Auxin
0.078,363715.794,4267.932,1,1.077,0.928,0.896,Auxin
0.11,364109.584,4650.36,0.929,1.381,0.724,0.938,Auxin
0.168,364983.428,4572.426,0.829,2.012,0.497,0.959,Auxin
0.108,364295.685,5168.906,1,1.16,0.862,0.93,Auxin
0.128,366486.004,6631.006,0.966,1.333,0.75,0.928,Auxin
0.058,361411.53,2300.497,1,1.177,0.85,0.901,Auxin
0.072,363191.915,3956.633,1,1.234,0.81,0.92,Auxin
0.202,365727.356,5475.941,0.815,2.022,0.494,0.949,Auxin
0.027,359734.965,1127.809,1,1.137,0.88,0.968,Auxin
0.014,356735.008,479.079,0.914,1.416,0.706,0.8,Auxin
0.004,356240,33.013,1,2,0.5,1,Auxin
0.094,361236.857,3401.301,1,1.302,0.768,0.929,Auxin
0.047,358997.355,1752.302,1,1.271,0.787,0.867,Auxin
0.049,358744.399,1774.44,1,1.059,0.945,0.885,Auxin
0.228,367455.548,9388.599,0.886,1.488,0.672,0.897,Auxin
0.159,361347.362,4373.194,0.71,2.318,0.431,0.85,Auxin
0.056,359110.774,1880.083,1,1.058,0.945,0.925,Auxin
0.042,359165.637,2420.638,0.964,1.623,0.616,0.92,Auxin
0.072,359492.691,2238.047,1,1.434,0.698,0.93,Auxin
0.065,360575.443,2842.56,0.996,1.303,0.768,0.935,Auxin
0.145,363819.513,5920.112,0.88,1.578,0.634,0.904,Auxin
0.067,358963.331,1719.942,0.969,1.582,0.632,0.961,Auxin
0.123,361543.348,3987.498,0.962,1.403,0.713,0.907,Auxin
0.072,359868.204,2460.041,1,1.279,0.782,0.93,Auxin
0.058,359612.151,2185.959,0.991,1.312,0.762,0.901,Auxin
0.047,358794.742,1402.51,1,1.087,0.92,0.867,Auxin
0.016,357430.691,380.196,1,1,1,1,Auxin
0.087,361020.662,3114.352,0.995,1.225,0.816,0.873,Auxin
0.188,367286.809,8589.606,0.974,1.076,0.929,0.929,Auxin
0.112,363473.34,4790.842,0.984,1.115,0.897,0.939,Auxin
0.023,358174.226,683.661,1,1.159,0.863,0.897,Auxin
0.027,358260.727,800.071,1,1.137,0.88,0.968,Auxin
0.018,357630.966,491.674,1,1.236,0.809,0.909,Auxin
0.168,363697.022,4791.509,0.912,1.796,0.557,0.939,Auxin
0.078,360468.065,2675.677,0.974,1.217,0.822,0.896,Auxin
0.161,363307.309,4768.032,0.965,1.435,0.697,0.918,Auxin
0.296,364410.483,5402.796,0.706,2.557,0.391,0.904,Auxin
0.074,360441.659,2381.239,0.997,1.277,0.783,0.932,Auxin
0.096,361147.217,2927.799,0.975,1.328,0.753,0.93,Auxin
0.076,360400.353,2425.074,1,1.324,0.755,0.944,Auxin
0.094,356982.525,2123.807,1,1.243,0.804,0.929,Auxin
0.101,357394.884,2542.219,1,1.103,0.907,0.903,Auxin
0.134,357944.523,2966.683,1,1.152,0.868,0.937,Auxin
0.105,357122.12,2279.521,0.984,1.399,0.715,0.892,Auxin
0.013,354423.75,203.392,1,1.069,0.936,0.875,Auxin
0.056,355517.373,993.044,1,1.058,0.945,0.925,Auxin
0.172,359202.31,4168.544,0.963,1.234,0.81,0.931,Auxin
0.058,355326.927,967.697,1,1.204,0.831,0.889,Auxin
0.07,356094.003,1396.68,1,1.307,0.765,0.918,Auxin
0.201,359219.53,3966.804,0.881,1.604,0.623,0.937,Auxin
0.029,356606.641,639.291,1,1.209,0.827,0.889,Auxin
0.004,355925.453,130.218,1,2,0.5,1,Auxin
0.083,359709.531,2786.653,1,1.052,0.95,0.968,Auxin
0.094,360642.805,3383.828,0.982,1.163,0.86,0.881,Auxin
0.018,357947.969,1499.323,0.925,2.5,0.4,1,Auxin
0.067,358264.595,2051.304,1,1,1,0.902,Auxin
0.276,361237.273,4460.292,0.584,2.745,0.364,0.823,Auxin
0.072,359055.502,2380.294,1,1.149,0.87,0.92,Auxin
0.108,363175.124,5516.808,1,1.111,0.9,0.938,Auxin
0.157,361405.56,4368.265,0.957,1.349,0.741,0.93,Auxin
0.016,357335.705,1058.348,0.832,2.386,0.419,0.947,Auxin
0.179,362335.878,4864.061,0.915,1.479,0.676,0.9,Auxin
0.065,358558.859,1744.115,1,1.269,0.788,0.923,Auxin
0.052,360212.526,2112.019,1,1.076,0.929,0.906,Auxin
0.027,358114.819,911.933,1,1.127,0.887,0.857,Auxin
0.052,360217.519,2118.515,0.953,1.122,0.892,0.853,Auxin
0.049,359196.176,1491.69,0.993,1.346,0.743,0.947,Auxin
0.117,364294.454,5794.353,0.997,1.171,0.854,0.897,Auxin
0.005,356987.906,117.658,1,1.464,0.683,0.857,Auxin
0.103,362674.412,3897.483,0.985,1.397,0.716,0.927,Auxin
0.036,358538.144,1195.768,1,1.165,0.858,0.889,Auxin
0.166,366894.816,8258.822,0.964,1.236,0.809,0.915,Auxin
0.192,361806.291,3028.569,0.771,2.293,0.436,0.955,Auxin
0.018,357710.025,577.08,1,1.236,0.809,0.909,Auxin
0.121,361774.578,3395.417,0.987,1.435,0.697,0.912,Auxin
0.15,364355.171,5723.248,0.959,1.24,0.807,0.938,Auxin
0.099,365227.694,5839.892,0.91,1.317,0.759,0.917,Auxin
0.376,364280.961,5066.537,0.684,2.63,0.38,0.935,Auxin
0.13,361000.871,2741.98,0.804,2.188,0.457,0.911,Auxin
0.031,355478.004,621.909,1,1.263,0.792,0.919,Auxin
0.096,357291.242,1908.042,0.975,1.358,0.737,0.938,Auxin
0.083,357112.607,1945.976,0.992,1.281,0.781,0.92,Auxin
0.027,355287.55,485.429,1,1.137,0.88,0.968,Auxin
0.052,355815.356,1014.013,1,1.076,0.929,0.906,Auxin
0.069,356589.206,1548.103,1,1.055,0.948,0.905,Auxin
0.072,356575.769,1683.902,0.953,1.103,0.906,0.87,Auxin
0.027,355421.223,595.566,1,1.137,0.88,0.968,Auxin
0.042,355764.208,845.558,0.964,1.149,0.87,0.885,Auxin
0.21,359526.005,3397.75,0.868,1.71,0.585,0.951,Auxin
0.061,356491.433,1366.606,1,1.156,0.865,0.919,Auxin
0.067,356214.906,1271.943,1,1.378,0.725,0.892,Auxin
0.197,359531.61,4018.029,0.918,1.359,0.736,0.912,Auxin
0.031,356999.46,1826.365,0.786,2.133,0.469,0.919,Auxin
0.296,358147.992,2943.627,0.563,2.963,0.337,0.845,Auxin
0.215,361714.403,5951.977,0.917,1.413,0.708,0.944,Auxin
0.067,356521.332,1543.594,1,1.172,0.853,0.892,Auxin
0.117,358685.02,3138.577,0.973,1.34,0.746,0.915,Auxin
0.027,355104.354,525.045,1,1.127,0.887,0.857,Auxin
0.137,356630.046,1524.89,0.866,1.883,0.531,0.899,Auxin
0.17,358480.776,3082.14,0.909,1.427,0.701,0.895,Auxin
0.166,359315.055,4007.678,0.92,1.172,0.853,0.889,Auxin
0.157,358901.413,3366.697,0.943,1.503,0.665,0.916,Auxin
0.361,358695.117,3435.326,0.519,3.414,0.293,0.83,Auxin
0.067,356791.814,1515.978,1,1.187,0.842,0.937,Auxin
0.201,359283.463,3207.426,0.845,1.766,0.566,0.914,Auxin
0.089,356069.753,1116.638,0.943,1.605,0.623,0.925,Auxin
0.027,355222.04,476.578,1,1.137,0.88,0.968,Auxin
0.117,358187.477,2695.736,0.957,1.267,0.79,0.903,Auxin
0.094,366618.609,6538.915,0.939,1.46,0.685,0.897,Wildtype
0.004,358544.391,96.498,1,2,0.5,1,Wildtype
0.065,367004.286,5890.701,0.996,1.118,0.895,0.947,Wildtype
0.083,366719.944,6325.109,1,1.153,0.867,0.929,Wildtype
0.005,358512.354,135.445,1,1.464,0.683,0.857,Wildtype
0.063,363371.483,3582.929,0.947,1.392,0.718,0.864,Wildtype
0.155,366985.965,6359.427,0.872,1.71,0.585,0.91,Wildtype
0.251,368188.774,6932.337,0.688,2.785,0.359,0.936,Wildtype
0.188,364948.475,3957.635,0.639,3.01,0.332,0.897,Wildtype
0.038,360356.183,1608.663,1,1.315,0.761,0.84,Wildtype
0.002,358415.188,0,1,1,1,1,Wildtype
0.022,356233.974,511.088,1,1.579,0.633,0.889,Wildtype
0.018,356223.919,420.171,1,1.236,0.809,0.909,Wildtype
0.023,356599.478,639.917,0.956,1.551,0.645,0.929,Wildtype
0.042,357127.175,1114.933,0.938,1.225,0.816,0.852,Wildtype
0.013,355758.263,316.042,1,1.069,0.936,0.875,Wildtype
0.099,360190.677,3625.883,0.95,1.126,0.888,0.894,Wildtype
0.036,356982.778,918.633,1,1.435,0.697,0.909,Wildtype
0.067,358227.365,1883.649,0.948,1.358,0.736,0.892,Wildtype
0.094,359506.062,2849.009,0.982,1.422,0.703,0.897,Wildtype
0.107,360220.488,3431.41,1,1.398,0.715,0.937,Wildtype
0.139,361091.5,4144.163,0.923,1.613,0.62,0.922,Wildtype
0.049,357484.287,1247.555,1,1.286,0.777,0.9,Wildtype
0.208,363414.223,5756.48,0.818,1.898,0.527,0.92,Wildtype
0.155,362383.201,5418.503,0.933,1.429,0.7,0.905,Wildtype
0.087,353379.975,414.036,0.606,3.349,0.299,0.85,Wildtype
0.089,353341.108,448.322,0.667,2.557,0.391,0.845,Wildtype
0.159,353867.574,779.761,0.561,3.58,0.279,0.854,Wildtype
0.164,357317.257,3783.282,0.954,1.257,0.796,0.91,Wildtype
0.269,355469.919,2038.91,0.622,3.154,0.317,0.892,Wildtype
0.023,353133.887,296.033,1,1.159,0.863,0.897,Wildtype
0.043,353092.767,246.552,0.702,2.45,0.408,0.814,Wildtype
0.193,354184.973,1004.581,0.609,3.431,0.291,0.943,Wildtype
0.04,353500.562,508.616,0.988,1.24,0.807,0.863,Wildtype
0.083,355140.461,1673.165,0.992,1.047,0.955,0.92,Wildtype
0.136,355393.262,1946.309,1,1.359,0.736,0.943,Wildtype
0.02,353154.73,258.852,1,1.372,0.729,0.957,Wildtype
0.136,354050.257,941.647,0.967,1.538,0.65,0.926,Wildtype
0.155,355709.395,2318.62,0.914,1.369,0.731,0.92,Wildtype
0.231,356384.641,3153.053,0.829,1.918,0.521,0.928,Wildtype
0.199,356086.987,2428.317,0.888,1.645,0.608,0.905,Wildtype
0.173,355545.187,2099.323,0.887,1.699,0.589,0.901,Wildtype
0.02,352954.384,173.46,1,1.372,0.729,0.957,Wildtype
0.137,360543.975,4328.723,0.944,1.267,0.789,0.899,Wildtype
0.085,358598.372,2687.218,1,1.228,0.814,0.931,Wildtype
0.002,354962.812,0,1,1,1,1,Wildtype
0.069,357696.352,1860.624,1,1.296,0.771,0.916,Wildtype
0.054,356639.529,1247.844,0.986,1.245,0.804,0.87,Wildtype
0.061,360391.392,3762.104,0.941,1.564,0.64,0.944,Wildtype
0.036,355952.622,778.186,1,1.083,0.923,0.889,Wildtype
0.219,360687.117,4233.758,0.86,1.762,0.568,0.917,Wildtype
0.054,356653.302,1287.049,1,1.167,0.857,0.909,Wildtype
0.215,360560.568,4393.21,0.906,1.521,0.658,0.933,Wildtype
0.007,355046.164,80.133,1,1,1,1,Wildtype
0.072,357777.51,1950.109,1,1.234,0.81,0.92,Wildtype
0.107,357943.835,1876.319,0.803,1.513,0.661,0.881,Wildtype
0.19,361656.515,5085.882,0.953,1.523,0.656,0.946,Wildtype
0.061,357323.75,1587.774,1,1.251,0.799,0.907,Wildtype
0.168,361432.529,4831.938,0.943,1.501,0.666,0.921,Wildtype
0.13,360316.267,4009.681,0.929,1.296,0.771,0.9,Wildtype
0.121,360094.99,3822.105,0.948,1.281,0.78,0.912,Wildtype
0.15,359066.576,2785.003,0.913,1.557,0.642,0.917,Wildtype
0.058,357214.784,1556.945,1,1,1,0.941,Wildtype
0.052,356813.731,1250.087,1,1.107,0.903,0.892,Wildtype
0.074,358156.424,2203.099,0.976,1.185,0.844,0.891,Wildtype
0.114,363838.327,4907.635,0.921,1.244,0.804,0.955,Wildtype
0.166,364518.282,6189.565,0.932,1.218,0.821,0.915,Wildtype
0.074,360045.52,2263.033,0.976,1.292,0.774,0.872,Wildtype
0.067,361455.222,3497.025,0.9,1.235,0.809,0.914,Wildtype
0.108,362445.925,4256.209,0.936,1.161,0.862,0.896,Wildtype
0.033,358266.286,920.464,1,1.218,0.821,0.947,Wildtype
0.152,363165.75,4900.143,0.957,1.311,0.763,0.923,Wildtype
0.123,362501.79,4485.558,1,1.136,0.88,0.907,Wildtype
0.058,355859.29,1125.406,0.82,1.757,0.569,0.877,Wildtype
0.101,356978.182,2032.886,0.825,1.99,0.503,0.868,Wildtype
0.034,355058.599,639.093,1,1.548,0.646,0.905,Wildtype
0.065,356736.247,1688.557,0.903,1.414,0.707,0.847,Wildtype
0.033,355288.74,701.963,0.965,1.076,0.93,0.857,Wildtype
0.052,355987.052,1150.899,1,1.076,0.929,0.906,Wildtype
0.076,355642.478,951.212,0.772,2.334,0.428,0.884,Wildtype
0.159,359702.834,4443.422,1,1.145,0.873,0.926,Wildtype
0.213,359309.854,4136.55,0.794,2.067,0.484,0.922,Wildtype
0.051,355177.806,524.248,0.819,2.379,0.42,0.889,Wildtype
0.137,359546.064,3988.016,0.836,1.692,0.591,0.905,Wildtype
0.036,355309.152,672.517,0.965,1.417,0.706,0.851,Wildtype
0.081,356783.415,1733.39,0.97,1.396,0.716,0.928,Wildtype
0.199,362551.999,7237.777,0.862,1.66,0.602,0.913,Wildtype
0.092,357511.028,2362.923,0.963,1.397,0.716,0.879,Wildtype
0.098,357542.482,2320.551,0.933,1.178,0.849,0.885,Wildtype
0.076,356554.871,1734.751,1,1.347,0.742,0.894,Wildtype
0.07,356342.97,1544.63,0.929,1.04,0.962,0.857,Wildtype
0.09,357281.656,1973.385,0.962,1.165,0.858,0.909,Wildtype
0.007,351831.211,24.274,1,1,1,1,Wildtype
0.038,352330.351,342.666,0.943,1.311,0.763,0.875,Wildtype
0.098,352705.844,728.885,0.842,1.699,0.588,0.878,Wildtype
0.06,352652.759,604.614,1,1.166,0.857,0.904,Wildtype
0.163,353497.894,1375.231,0.943,1.498,0.667,0.918,Wildtype
0.045,352300.51,384.604,0.954,1.313,0.761,0.877,Wildtype
0.099,353274.565,1075.248,0.95,1.435,0.697,0.917,Wildtype
0.087,353049.688,900.445,1,1.338,0.747,0.906,Wildtype
0.096,352938.92,842.959,0.916,1.394,0.718,0.898,Wildtype
0.07,352925.974,806.899,1,1.311,0.763,0.918,Wildtype
0.043,352277.367,372.378,0.941,1.267,0.789,0.889,Wildtype
0.078,352700.025,658.798,0.974,1.27,0.787,0.896,Wildtype
0.11,353116.176,1083.361,0.951,1.213,0.824,0.904,Wildtype
0.213,354616.335,2465.845,0.898,1.599,0.626,0.922,Wildtype
0.148,353514.136,1333.087,0.872,1.723,0.58,0.911,Wildtype
0.056,352556.93,482.507,1,1.372,0.729,0.939,Wildtype
0.042,352303.003,354.55,1,1.322,0.756,0.885,Wildtype
0.208,353863.832,1665.256,0.795,2.035,0.491,0.906,Wildtype
0.101,353091.379,1007.066,0.967,1.389,0.72,0.926,Wildtype
0.114,353368.731,1194.56,0.983,1.215,0.823,0.92,Wildtype
0.083,352967.834,854.098,0.927,1.221,0.819,0.86,Wildtype
0.065,360328.701,2488.543,0.996,1.166,0.858,0.923,Wildtype
0.04,358899.695,1464.93,1,1.176,0.85,0.88,Wildtype
0.065,360364.604,2549.103,1,1.186,0.843,0.935,Wildtype
0.06,360469.102,2297.963,1,1.166,0.857,0.904,Wildtype
0.027,357828.117,866.525,0.976,1.439,0.695,0.857,Wildtype
0.134,364023.823,5200.795,0.887,1.672,0.598,0.897,Wildtype
0.02,357762.366,640.424,0.976,1.892,0.528,0.88,Wildtype
0.04,358934.78,1519.176,0.988,1.289,0.776,0.863,Wildtype
0.211,365706.315,6580.354,0.866,1.819,0.55,0.929,Wildtype
0.036,358527.447,1265.127,1,1.203,0.831,0.851,Wildtype
0.087,360814.354,2944.394,0.967,1.347,0.743,0.906,Wildtype
0.136,360872.73,2781.472,0.837,1.898,0.527,0.926,Wildtype
0.13,363204.783,4493.604,0.929,1.439,0.695,0.911,Wildtype
0.217,367731.716,8899.85,0.853,1.825,0.548,0.923,Wildtype
0.166,363469.286,4990.684,0.902,1.628,0.614,0.925,Wildtype
0.051,359970.586,1974.982,1,1.355,0.738,0.903,Wildtype
0.056,359675.132,2148.462,1,1.248,0.801,0.886,Wildtype
0.065,355655.034,1239.85,1,1.385,0.722,0.889,Wildtype
0.126,358646.096,3557.839,0.953,1.486,0.673,0.927,Wildtype
0.092,356961.093,2045.502,0.938,1.22,0.82,0.927,Wildtype
0.056,355377.851,1076.24,0.96,1.238,0.808,0.873,Wildtype
0.137,357534.99,2888.902,0.98,1.291,0.775,0.91,Wildtype
0.09,356299.432,1724.755,1,1.14,0.877,0.917,Wildtype
0.049,354803.156,727.635,1,1.21,0.826,0.947,Wildtype
0.049,355211.561,940.718,1,1.059,0.945,0.885,Wildtype
0.101,356851.523,2074.605,0.895,1.569,0.637,0.848,Wildtype
0.19,358524.61,3407.52,0.924,1.566,0.638,0.938,Wildtype
0.02,354312.349,318.155,1,1.372,0.729,0.957,Wildtype
0.19,359087.66,3918.46,0.884,1.746,0.573,0.929,Wildtype
0.081,355874.623,1495.729,0.97,1.233,0.811,0.909,Wildtype
0.025,354601.542,403.592,1,1.125,0.889,0.933,Wildtype
0.139,357311.557,2623.076,0.957,1.514,0.66,0.922,Wildtype
0.251,357332.356,2370.996,0.911,1.584,0.631,0.949,Wildtype
0.061,355579.229,1198.314,0.994,1.203,0.831,0.919,Wildtype
0.011,353954.479,154.674,1,1.5,0.667,1,Wildtype
0.208,358186.975,3196.788,0.901,1.581,0.632,0.916,Wildtype
0.17,359336.43,4531.539,0.869,1.251,0.799,0.874,Wildtype
0.033,355246.542,566.055,1,1.248,0.801,0.947,Wildtype
0.058,356398.408,1545.066,1,1.177,0.85,0.901,Wildtype
0.103,357274.214,2177.427,0.985,1.446,0.692,0.919,Wildtype
0.078,357581.576,2437.894,1,1.088,0.919,0.945,Wildtype
0.146,356997.725,1881.09,0.861,1.856,0.539,0.92,Wildtype
0.13,357911.395,2726.944,0.929,1.4,0.714,0.9,Wildtype
0.065,356681.708,1641.709,1,1.186,0.843,0.935,Wildtype
0.013,354669.71,237.377,1,1.069,0.936,0.875,Wildtype
0.125,358374.652,2998.682,0.89,1.663,0.601,0.908,Wildtype
0.092,357505.024,2297.74,0.963,1.43,0.699,0.887,Wildtype
0.049,356746.663,1386.47,1,1.21,0.826,0.947,Wildtype
0.228,360371.625,4483.978,0.848,1.849,0.541,0.937,Wildtype
0.154,359280.168,3837.255,0.935,1.338,0.747,0.919,Wildtype
0.06,356213.455,1472.986,0.998,1.114,0.898,0.846,Wildtype
0.085,357232.319,2222.41,0.993,1.156,0.865,0.879,Wildtype
0.137,361853.039,4881.971,0.98,1.211,0.826,0.916,Wildtype
0.025,356521.906,614.848,0.993,1.264,0.791,0.848,Wildtype
0.159,362561.861,5674.433,0.954,1.125,0.889,0.903,Wildtype
0.083,359860.254,2886.542,0.992,1.496,0.668,0.939,Wildtype
0.157,361267.338,3822.419,0.779,1.883,0.531,0.853,Wildtype
0.051,357813.031,1593.834,1,1.144,0.874,0.889,Wildtype
0.134,360805.554,4006.549,0.92,1.431,0.699,0.902,Wildtype
0.107,361428.549,4210.875,0.959,1.361,0.734,0.894,Wildtype
0.02,356442.369,570.668,1,1.372,0.729,0.957,Wildtype
0.081,358883.206,2419.44,0.97,1.549,0.646,0.928,Wildtype
0.168,357051.128,2756.809,0.833,1.695,0.59,0.89,Wildtype
0.166,356769.284,2447.74,0.752,2.213,0.452,0.885,Wildtype
0.17,356021.836,1872.416,0.827,1.791,0.558,0.913,Wildtype
0.009,353623.912,77.736,1,1.553,0.644,0.909,Wildtype
0.094,355523.683,1388.493,0.846,1.871,0.534,0.86,Wildtype
0.141,356712.498,2365.187,0.858,1.902,0.526,0.918,Wildtype
0.072,354848.321,923.871,0.862,1.89,0.529,0.909,Wildtype
0.061,354580.796,707.438,0.919,1.704,0.587,0.895,Wildtype
0.011,353780.365,109.472,1,1.5,0.667,1,Wildtype
0.005,353654.125,109.487,1,1.464,0.683,0.857,Wildtype
0.23,359228.309,4441.716,0.772,2.206,0.453,0.907,Wildtype
0.108,356404.231,2145.073,0.849,1.749,0.572,0.882,Wildtype
0.08,366165.761,8615.265,0.847,1.543,0.648,0.907,Wildtype
0.28,360563.67,3027.015,0.675,2.553,0.392,0.886,Wildtype
0.094,362112.546,4351.858,1,1.076,0.929,0.92,Wildtype
0.108,361677.973,4152.69,0.993,1.172,0.853,0.93,Wildtype
0.052,358500.98,1678.623,0.977,1.276,0.784,0.906,Wildtype
0.089,359726.927,2588.397,0.943,1.246,0.803,0.899,Wildtype
0.072,359260.445,2247.048,1,1.368,0.731,0.93,Wildtype
0.166,362430.055,4625.492,0.932,1.675,0.597,0.939,Wildtype
0.134,362821.043,4829.894,0.969,1.391,0.719,0.937,Wildtype
0.235,362527.112,4013.291,0.715,2.703,0.37,0.919,Wildtype
0.134,361621.979,3748.207,0.9,1.702,0.587,0.943,Wildtype
0.08,350238.435,NA,NA,NA,NA,NA,Loss of function
0.069,350210.148,NA,NA,NA,NA,NA,Loss of function
0.005,350114.188,NA,NA,NA,NA,NA,Loss of function
0.089,350248.973,NA,NA,NA,NA,NA,Loss of function
0.007,350115.242,NA,NA,NA,NA,NA,Loss of function
0.018,350142.709,NA,NA,NA,NA,NA,Loss of function
0.051,350196.578,NA,NA,NA,NA,NA,Loss of function
0.027,350152.694,NA,NA,NA,NA,NA,Loss of function
0.051,350192.525,NA,NA,NA,NA,NA,Loss of function
0.069,350292.308,NA,NA,NA,NA,NA,Loss of function
0.087,350235.133,NA,NA,NA,NA,NA,Loss of function
0.042,350182.826,NA,NA,NA,NA,NA,Loss of function
0.045,350210.206,NA,NA,NA,NA,NA,Loss of function
0.047,350194.814,NA,NA,NA,NA,NA,Loss of function
0.025,350160.728,NA,NA,NA,NA,NA,Loss of function
0.007,350150.734,NA,NA,NA,NA,NA,Loss of function
0.011,350144.125,NA,NA,NA,NA,NA,Loss of function
0.069,350258.484,NA,NA,NA,NA,NA,Loss of function
0.007,350148.781,NA,NA,NA,NA,NA,Loss of function
0.065,350319.309,NA,NA,NA,NA,NA,Loss of function
0.004,350143.234,NA,NA,NA,NA,NA,Loss of function
0.085,350343.032,NA,NA,NA,NA,NA,Loss of function
0.02,350173,NA,NA,NA,NA,NA,Loss of function
0.081,350276.755,NA,NA,NA,NA,NA,Loss of function
0.031,350196.296,NA,NA,NA,NA,NA,Loss of function
0.054,350230.618,NA,NA,NA,NA,NA,Loss of function
0.013,350146.46,NA,NA,NA,NA,NA,Loss of function
0.013,350144.723,NA,NA,NA,NA,NA,Loss of function
0.116,350091.614,NA,NA,NA,NA,NA,Loss of function
0.061,350049.737,NA,NA,NA,NA,NA,Loss of function
0.038,350045.958,NA,NA,NA,NA,NA,Loss of function
0.069,350052.393,NA,NA,NA,NA,NA,Loss of function
0.061,350058.583,NA,NA,NA,NA,NA,Loss of function
0.054,350048.061,NA,NA,NA,NA,NA,Loss of function
0.042,350077.531,NA,NA,NA,NA,NA,Loss of function
0.038,350081.031,NA,NA,NA,NA,NA,Loss of function
0.04,350078.456,NA,NA,NA,NA,NA,Loss of function
0.047,350086.269,NA,NA,NA,NA,NA,Loss of function
0.007,350053.992,NA,NA,NA,NA,NA,Loss of function
0.061,350100.556,NA,NA,NA,NA,NA,Loss of function
0.051,350093.257,NA,NA,NA,NA,NA,Loss of function
0.014,350056.141,NA,NA,NA,NA,NA,Loss of function
0.137,350130.296,NA,NA,NA,NA,NA,Loss of function
0.02,350059.349,NA,NA,NA,NA,NA,Loss of function
0.005,350052.625,NA,NA,NA,NA,NA,Loss of function
0.081,353311.177,NA,NA,NA,NA,NA,Loss of function
0.04,352685.214,NA,NA,NA,NA,NA,Loss of function
0.192,353947.162,NA,NA,NA,NA,NA,Loss of function
0.074,353538.979,NA,NA,NA,NA,NA,Loss of function
0.172,353381.84,NA,NA,NA,NA,NA,Loss of function
0.011,352197.474,NA,NA,NA,NA,NA,Loss of function
0.164,354709.054,NA,NA,NA,NA,NA,Loss of function
0.042,352608.916,NA,NA,NA,NA,NA,Loss of function
0.262,354591.376,NA,NA,NA,NA,NA,Loss of function
0.058,352868.995,NA,NA,NA,NA,NA,Loss of function
0.146,354473.106,NA,NA,NA,NA,NA,Loss of function
0.078,353513.603,NA,NA,NA,NA,NA,Loss of function
0.06,352918.111,NA,NA,NA,NA,NA,Loss of function
0.154,354716.227,NA,NA,NA,NA,NA,Loss of function
0.025,352411.163,NA,NA,NA,NA,NA,Loss of function
0.078,353136.736,NA,NA,NA,NA,NA,Loss of function
0.067,352943.592,NA,NA,NA,NA,NA,Loss of function
0.052,352869.387,NA,NA,NA,NA,NA,Loss of function
0.121,358815.944,NA,NA,NA,NA,NA,Loss of function
0.096,356049.489,NA,NA,NA,NA,NA,Loss of function
0.027,354699.638,NA,NA,NA,NA,NA,Loss of function
0.074,356399.107,NA,NA,NA,NA,NA,Loss of function
0.069,355879.095,NA,NA,NA,NA,NA,Loss of function
0.033,354998.76,NA,NA,NA,NA,NA,Loss of function
0.013,354166.594,NA,NA,NA,NA,NA,Loss of function
0.072,357560.067,NA,NA,NA,NA,NA,Loss of function
0.07,356731.913,NA,NA,NA,NA,NA,Loss of function
0.168,358495.907,NA,NA,NA,NA,NA,Loss of function
0.137,358815.907,NA,NA,NA,NA,NA,Loss of function
0.011,354123.448,NA,NA,NA,NA,NA,Loss of function
0.072,356430.523,NA,NA,NA,NA,NA,Loss of function
0.08,356154.523,NA,NA,NA,NA,NA,Loss of function
0.067,356264.044,NA,NA,NA,NA,NA,Loss of function
0.076,356500.832,NA,NA,NA,NA,NA,Loss of function
0.116,359195.703,NA,NA,NA,NA,NA,Loss of function
0.056,355757.108,NA,NA,NA,NA,NA,Loss of function
0.031,354965.801,NA,NA,NA,NA,NA,Loss of function
0.047,355209.345,NA,NA,NA,NA,NA,Loss of function
0.014,354412.91,NA,NA,NA,NA,NA,Loss of function
0.004,353789.109,NA,NA,NA,NA,NA,Loss of function
0.181,358596.688,NA,NA,NA,NA,NA,Loss of function
0.201,357397.14,NA,NA,NA,NA,NA,Loss of function
0.009,354010.138,NA,NA,NA,NA,NA,Loss of function
0.061,355838.593,NA,NA,NA,NA,NA,Loss of function
0.06,354944.104,NA,NA,NA,NA,NA,Loss of function
0.101,352716.804,NA,NA,NA,NA,NA,Loss of function
0.15,354392.46,NA,NA,NA,NA,NA,Loss of function
0.146,353893.014,NA,NA,NA,NA,NA,Loss of function
0.014,351940.77,NA,NA,NA,NA,NA,Loss of function
0.112,353122.771,NA,NA,NA,NA,NA,Loss of function
0.027,352098.256,NA,NA,NA,NA,NA,Loss of function
0.096,353226.496,NA,NA,NA,NA,NA,Loss of function
0.155,353992.34,NA,NA,NA,NA,NA,Loss of function
0.052,352510.655,NA,NA,NA,NA,NA,Loss of function
0.031,352131.849,NA,NA,NA,NA,NA,Loss of function
0.065,352747.744,NA,NA,NA,NA,NA,Loss of function
0.049,352507.146,NA,NA,NA,NA,NA,Loss of function
0.087,353135.994,NA,NA,NA,NA,NA,Loss of function
0.04,352324.933,NA,NA,NA,NA,NA,Loss of function
0.04,352268.341,NA,NA,NA,NA,NA,Loss of function
0.15,353863.725,NA,NA,NA,NA,NA,Loss of function
0.246,353804.19,NA,NA,NA,NA,NA,Loss of function
0.004,351783.062,NA,NA,NA,NA,NA,Loss of function
0.025,352210.368,NA,NA,NA,NA,NA,Loss of function
0.173,354203.068,NA,NA,NA,NA,NA,Loss of function
0.087,352876.886,NA,NA,NA,NA,NA,Loss of function
0.098,353278.199,NA,NA,NA,NA,NA,Loss of function
0.034,352158.717,NA,NA,NA,NA,NA,Loss of function
0.007,351835.398,NA,NA,NA,NA,NA,Loss of function
0.034,352126.477,NA,NA,NA,NA,NA,Loss of function
0.011,351884.13,NA,NA,NA,NA,NA,Loss of function
0.052,354882.446,NA,NA,NA,NA,NA,Loss of function
0.061,355024.603,NA,NA,NA,NA,NA,Loss of function
0.103,355459.173,NA,NA,NA,NA,NA,Loss of function
0.04,354409.72,NA,NA,NA,NA,NA,Loss of function
0.051,354847.088,NA,NA,NA,NA,NA,Loss of function
0.148,355844.305,NA,NA,NA,NA,NA,Loss of function
0.089,355313.26,NA,NA,NA,NA,NA,Loss of function
0.011,353630.812,NA,NA,NA,NA,NA,Loss of function
0.226,356747.6,NA,NA,NA,NA,NA,Loss of function
0.249,358884.038,NA,NA,NA,NA,NA,Loss of function
0.179,355673.093,NA,NA,NA,NA,NA,Loss of function
0.078,357262.499,NA,NA,NA,NA,NA,Loss of function
0.07,356130.957,NA,NA,NA,NA,NA,Loss of function
0.09,358161.774,NA,NA,NA,NA,NA,Loss of function
0.058,356238.222,NA,NA,NA,NA,NA,Loss of function
0.13,358707.249,NA,NA,NA,NA,NA,Loss of function
0.011,354320.974,NA,NA,NA,NA,NA,Loss of function
0.027,355140.296,NA,NA,NA,NA,NA,Loss of function
0.067,357238.352,NA,NA,NA,NA,NA,Loss of function
0.036,355600.461,NA,NA,NA,NA,NA,Loss of function
0.023,354834.474,NA,NA,NA,NA,NA,Loss of function
0.201,357007.81,NA,NA,NA,NA,NA,Loss of function
0.112,359014.406,NA,NA,NA,NA,NA,Loss of function
0.132,358514.308,NA,NA,NA,NA,NA,Loss of function
0.013,354584.929,NA,NA,NA,NA,NA,Loss of function
0.02,354789.759,NA,NA,NA,NA,NA,Loss of function
0.04,355678.327,NA,NA,NA,NA,NA,Loss of function
0.143,359918.606,NA,NA,NA,NA,NA,Loss of function
0.063,356305.569,NA,NA,NA,NA,NA,Loss of function
0.045,355856.594,NA,NA,NA,NA,NA,Loss of function
0.134,360977.607,NA,NA,NA,NA,NA,Loss of function
0.043,355951.262,NA,NA,NA,NA,NA,Loss of function
0.013,354502.21,NA,NA,NA,NA,NA,Loss of function
0.033,355395.781,NA,NA,NA,NA,NA,Loss of function
0.087,359598.866,NA,NA,NA,NA,NA,Loss of function
0.036,355509.203,NA,NA,NA,NA,NA,Loss of function
0.067,356600.776,NA,NA,NA,NA,NA,Loss of function
0.067,356573.833,NA,NA,NA,NA,NA,Loss of function
0.029,354976.441,NA,NA,NA,NA,NA,Loss of function
0.069,357252.243,NA,NA,NA,NA,NA,Loss of function
0.023,354764.526,NA,NA,NA,NA,NA,Loss of function
0.204,358902.463,NA,NA,NA,NA,NA,Loss of function
0.054,356937.859,NA,NA,NA,NA,NA,Loss of function
0.018,354496.562,NA,NA,NA,NA,NA,Loss of function
0.094,358943.217,NA,NA,NA,NA,NA,Loss of function
0.049,356686.638,NA,NA,NA,NA,NA,Loss of function
0.098,359444.269,NA,NA,NA,NA,NA,Loss of function
0.074,356897.744,NA,NA,NA,NA,NA,Loss of function
0.105,358414.76,NA,NA,NA,NA,NA,Loss of function
0.034,355526.186,NA,NA,NA,NA,NA,Loss of function
0.061,356301.043,NA,NA,NA,NA,NA,Loss of function
0.052,355919.498,NA,NA,NA,NA,NA,Loss of function
0.089,358041.323,NA,NA,NA,NA,NA,Loss of function
0.034,355178.255,NA,NA,NA,NA,NA,Loss of function
0.058,356699.687,NA,NA,NA,NA,NA,Loss of function
0.108,358452.634,NA,NA,NA,NA,NA,Loss of function
0.013,354475.746,NA,NA,NA,NA,NA,Loss of function
0.013,354360.031,NA,NA,NA,NA,NA,Loss of function
0.025,355071.779,NA,NA,NA,NA,NA,Loss of function
0.15,359291.899,NA,NA,NA,NA,NA,Loss of function
0.004,354126.406,NA,NA,NA,NA,NA,Loss of function
0.022,354784.091,NA,NA,NA,NA,NA,Loss of function
0.083,358707.087,NA,NA,NA,NA,NA,Loss of function
0.043,355737.84,NA,NA,NA,NA,NA,Loss of function
0.007,354185.211,NA,NA,NA,NA,NA,Loss of function
0.069,356742.372,NA,NA,NA,NA,NA,Loss of function
0.025,354932.877,NA,NA,NA,NA,NA,Loss of function
0.061,355070.713,NA,NA,NA,NA,NA,Loss of function
0.063,354761.478,NA,NA,NA,NA,NA,Loss of function
0.177,358146.904,NA,NA,NA,NA,NA,Loss of function
0.07,355666.731,NA,NA,NA,NA,NA,Loss of function
0.117,355565.56,NA,NA,NA,NA,NA,Loss of function
0.159,357843.762,NA,NA,NA,NA,NA,Loss of function
0.051,354461.974,NA,NA,NA,NA,NA,Loss of function
0.061,354985.636,NA,NA,NA,NA,NA,Loss of function
0.07,354788.829,NA,NA,NA,NA,NA,Loss of function
0.145,357457.659,NA,NA,NA,NA,NA,Loss of function
0.137,356219.479,NA,NA,NA,NA,NA,Loss of function
0.011,353567.036,NA,NA,NA,NA,NA,Loss of function
0.018,353695.312,NA,NA,NA,NA,NA,Loss of function
0.076,355300.734,NA,NA,NA,NA,NA,Loss of function
0.052,354925.608,NA,NA,NA,NA,NA,Loss of function
0.027,353763.74,NA,NA,NA,NA,NA,Loss of function
0.114,356390.235,NA,NA,NA,NA,NA,Loss of function
0.002,353191.531,NA,NA,NA,NA,NA,Loss of function
0.023,353813.32,NA,NA,NA,NA,NA,Loss of function
0.264,356842.902,NA,NA,NA,NA,NA,Loss of function
0.034,353974.028,NA,NA,NA,NA,NA,Loss of function
0.029,353640.141,NA,NA,NA,NA,NA,Loss of function
0.033,353897.91,NA,NA,NA,NA,NA,Loss of function
0.018,353451.562,NA,NA,NA,NA,NA,Loss of function
0.018,353687.159,NA,NA,NA,NA,NA,Loss of function
0.052,354518.942,NA,NA,NA,NA,NA,Loss of function
0.112,357531.331,NA,NA,NA,NA,NA,Loss of function
0.074,355927.409,NA,NA,NA,NA,NA,Loss of function
0.06,354795.633,NA,NA,NA,NA,NA,Loss of function
0.125,355745.942,NA,NA,NA,NA,NA,Loss of function
0.096,359576.366,NA,NA,NA,NA,NA,Loss of function
0.051,354746.18,NA,NA,NA,NA,NA,Loss of function
0.112,358007.324,NA,NA,NA,NA,NA,Loss of function
0.061,356226.584,NA,NA,NA,NA,NA,Loss of function
0.011,353362.547,NA,NA,NA,NA,NA,Loss of function
0.061,354803.744,NA,NA,NA,NA,NA,Loss of function
0.045,354302.156,NA,NA,NA,NA,NA,Loss of function
0.018,353691.859,NA,NA,NA,NA,NA,Loss of function
0.005,353207.167,NA,NA,NA,NA,NA,Loss of function
0.134,357921.601,NA,NA,NA,NA,NA,Loss of function
0.074,355989.689,NA,NA,NA,NA,NA,Loss of function
0.052,354652.207,NA,NA,NA,NA,NA,Loss of function
0.101,355052.388,NA,NA,NA,NA,NA,Loss of function
0.042,354252.899,NA,NA,NA,NA,NA,Loss of function
0.045,353546.031,NA,NA,NA,NA,NA,Loss of function
0.051,354580.873,NA,NA,NA,NA,NA,Loss of function
0.152,354823.069,NA,NA,NA,NA,NA,Loss of function
0.101,353697.401,NA,NA,NA,NA,NA,Loss of function
0.112,353834.03,NA,NA,NA,NA,NA,Loss of function
0.116,354140.702,NA,NA,NA,NA,NA,Loss of function
0.058,352814.35,NA,NA,NA,NA,NA,Loss of function
0.04,352532.795,NA,NA,NA,NA,NA,Loss of function
0.002,351939,NA,NA,NA,NA,NA,Loss of function
0.067,353108.812,NA,NA,NA,NA,NA,Loss of function
0.087,353100.819,NA,NA,NA,NA,NA,Loss of function
0.103,352943.138,NA,NA,NA,NA,NA,Loss of function
0.092,353781.456,NA,NA,NA,NA,NA,Loss of function
0.08,353237.862,NA,NA,NA,NA,NA,Loss of function
0.045,352546.58,NA,NA,NA,NA,NA,Loss of function
0.07,353147.575,NA,NA,NA,NA,NA,Loss of function
0.123,354412.01,NA,NA,NA,NA,NA,Loss of function
0.007,351989.742,NA,NA,NA,NA,NA,Loss of function
0.018,352185.428,NA,NA,NA,NA,NA,Loss of function
0.04,352402.589,NA,NA,NA,NA,NA,Loss of function
0.105,353214.433,NA,NA,NA,NA,NA,Loss of function
0.023,352210.454,NA,NA,NA,NA,NA,Loss of function
0.181,354113.097,NA,NA,NA,NA,NA,Loss of function
0.018,352150.972,NA,NA,NA,NA,NA,Loss of function
0.016,352090.878,NA,NA,NA,NA,NA,Loss of function
0.025,352278.205,NA,NA,NA,NA,NA,Loss of function
0.031,352321.958,NA,NA,NA,NA,NA,Loss of function
0.016,352111.066,NA,NA,NA,NA,NA,Loss of function
0.018,352068.284,NA,NA,NA,NA,NA,Loss of function
0.023,352237.993,NA,NA,NA,NA,NA,Loss of function
0.031,352209.364,NA,NA,NA,NA,NA,Loss of function
0.054,352492.209,NA,NA,NA,NA,NA,Loss of function
0.13,355493.303,NA,NA,NA,NA,NA,Loss of function
0.045,352696.58,NA,NA,NA,NA,NA,Loss of function
0.045,353004.329,NA,NA,NA,NA,NA,Loss of function
0.094,354452.418,NA,NA,NA,NA,NA,Loss of function
0.056,353225.944,NA,NA,NA,NA,NA,Loss of function
0.065,353794.985,NA,NA,NA,NA,NA,Loss of function
0.016,352665.448,NA,NA,NA,NA,NA,Loss of function
0.042,353149.59,NA,NA,NA,NA,NA,Loss of function
0.11,354890.014,NA,NA,NA,NA,NA,Loss of function
0.145,355583.53,NA,NA,NA,NA,NA,Loss of function
0.005,352422.531,NA,NA,NA,NA,NA,Loss of function
0.099,353837.691,NA,NA,NA,NA,NA,Loss of function
0.067,353771.751,NA,NA,NA,NA,NA,Loss of function
0.04,353084.983,NA,NA,NA,NA,NA,Loss of function
0.016,352609.649,NA,NA,NA,NA,NA,Loss of function
0.031,353010.445,NA,NA,NA,NA,NA,Loss of function
0.137,354985.363,NA,NA,NA,NA,NA,Loss of function
0.063,353518.262,NA,NA,NA,NA,NA,Loss of function
0.018,352648.347,NA,NA,NA,NA,NA,Loss of function
0.266,355917.431,NA,NA,NA,NA,NA,Loss of function
0.076,353669.693,NA,NA,NA,NA,NA,Loss of function
0.034,353053.447,NA,NA,NA,NA,NA,Loss of function
0.09,354069.04,NA,NA,NA,NA,NA,Loss of function
0.24,353966.864,NA,NA,NA,NA,NA,Loss of function
0.146,355525.402,NA,NA,NA,NA,NA,Loss of function
0.081,353489.063,NA,NA,NA,NA,NA,Loss of function
0.06,353367.775,NA,NA,NA,NA,NA,Loss of function
0.014,352460.219,NA,NA,NA,NA,NA,Loss of function
0.309,354513.039,NA,NA,NA,NA,NA,Loss of function
0.056,353723.113,NA,NA,NA,NA,NA,Loss of function
0.049,353256.391,NA,NA,NA,NA,NA,Loss of function
0.013,352628.174,NA,NA,NA,NA,NA,Loss of function
0.009,352511.281,NA,NA,NA,NA,NA,Loss of function
0.083,353929.979,NA,NA,NA,NA,NA,Loss of function
0.188,354192.671,NA,NA,NA,NA,NA,Loss of function
0.098,354326.961,NA,NA,NA,NA,NA,Loss of function
0.215,355964.806,NA,NA,NA,NA,NA,Loss of function
0.065,353866.72,NA,NA,NA,NA,NA,Loss of function
0.222,354864.522,NA,NA,NA,NA,NA,Loss of function
0.284,355898.509,NA,NA,NA,NA,NA,Loss of function
0.042,353357.226,NA,NA,NA,NA,NA,Loss of function
0.047,353000.058,NA,NA,NA,NA,NA,Loss of function
0.033,352661.993,NA,NA,NA,NA,NA,Loss of function
0.099,353155.258,NA,NA,NA,NA,NA,Loss of function
0.06,353579.682,NA,NA,NA,NA,NA,Loss of function
0.047,353307.417,NA,NA,NA,NA,NA,Loss of function
0.051,353465.46,NA,NA,NA,NA,NA,Loss of function
0.04,353047.024,NA,NA,NA,NA,NA,Loss of function
0.21,355205.273,NA,NA,NA,NA,NA,Loss of function
0.002,352532.094,NA,NA,NA,NA,NA,Loss of function
0.159,355809.586,NA,NA,NA,NA,NA,Loss of function
0.047,355394.369,NA,NA,NA,NA,NA,Loss of function
0.087,356988.027,NA,NA,NA,NA,NA,Loss of function
0.089,357948.297,NA,NA,NA,NA,NA,Loss of function
0.065,355707.602,NA,NA,NA,NA,NA,Loss of function
0.054,355559.826,NA,NA,NA,NA,NA,Loss of function
0.076,356790.972,NA,NA,NA,NA,NA,Loss of function
0.166,358819.336,NA,NA,NA,NA,NA,Loss of function
0.02,354341.804,NA,NA,NA,NA,NA,Loss of function
0.058,356166.271,NA,NA,NA,NA,NA,Loss of function
0.085,356776.479,NA,NA,NA,NA,NA,Loss of function
0.056,355412.804,NA,NA,NA,NA,NA,Loss of function
0.098,357546.91,NA,NA,NA,NA,NA,Loss of function
0.061,356029.734,NA,NA,NA,NA,NA,Loss of function
0.067,355138.639,NA,NA,NA,NA,NA,Loss of function
0.155,357813.566,NA,NA,NA,NA,NA,Loss of function
0.025,354634.897,NA,NA,NA,NA,NA,Loss of function
0.248,357775.6,NA,NA,NA,NA,NA,Loss of function
0.132,360293.829,NA,NA,NA,NA,NA,Loss of function
0.007,354034.664,NA,NA,NA,NA,NA,Loss of function
0.081,356568.524,NA,NA,NA,NA,NA,Loss of function
0.291,357156.943,NA,NA,NA,NA,NA,Loss of function
0.047,355383.894,NA,NA,NA,NA,NA,Loss of function
0.098,358454.624,NA,NA,NA,NA,NA,Loss of function
0.031,354698.95,NA,NA,NA,NA,NA,Loss of function
0.099,355692.789,NA,NA,NA,NA,NA,Loss of function
0.089,356358.599,NA,NA,NA,NA,NA,Loss of function
0.09,354456.99,NA,NA,NA,NA,NA,Loss of function
0.043,353937.366,NA,NA,NA,NA,NA,Loss of function
0.067,354557.704,NA,NA,NA,NA,NA,Loss of function
0.06,355069.637,NA,NA,NA,NA,NA,Loss of function
0.04,354254.893,NA,NA,NA,NA,NA,Loss of function
0.161,357790.568,NA,NA,NA,NA,NA,Loss of function
0.166,356107.81,NA,NA,NA,NA,NA,Loss of function
0.132,357078.444,NA,NA,NA,NA,NA,Loss of function
0.07,354941.481,NA,NA,NA,NA,NA,Loss of function
0.063,355284.838,NA,NA,NA,NA,NA,Loss of function
0.163,359050.945,NA,NA,NA,NA,NA,Loss of function
0.029,353893.879,NA,NA,NA,NA,NA,Loss of function
0.136,358760.427,NA,NA,NA,NA,NA,Loss of function
0.033,354049.252,NA,NA,NA,NA,NA,Loss of function
0.054,354807.41,NA,NA,NA,NA,NA,Loss of function
0.036,353982.231,NA,NA,NA,NA,NA,Loss of function
0.085,355516.684,NA,NA,NA,NA,NA,Loss of function
0.065,355002.129,NA,NA,NA,NA,NA,Loss of function
0.116,356810.271,NA,NA,NA,NA,NA,Loss of function
0.128,354897.419,NA,NA,NA,NA,NA,Loss of function
0.011,353401.964,NA,NA,NA,NA,NA,Loss of function
0.09,355973.826,NA,NA,NA,NA,NA,Loss of function
0.013,353364.259,NA,NA,NA,NA,NA,Loss of function
0.007,353217.188,NA,NA,NA,NA,NA,Loss of function
0.014,353411.902,NA,NA,NA,NA,NA,Loss of function
0.038,353960.119,NA,NA,NA,NA,NA,Loss of function
0.042,354328.789,NA,NA,NA,NA,NA,Loss of function
0.09,355969.074,NA,NA,NA,NA,NA,Loss of function